{
    "assets": {
        "particle_image": {"type": "image", "source": "assets/images/particle.png"},
        "sword_image": {"type": "image", "source": "assets/images/sword.png"},
        "bomb_image": {"type": "image", "source": "assets/images/bomb.png"},
        "background_image": {"type": "image", "source": "assets/images/background.png"},
        "fruits_spritesheet": {"type": "spritesheet", "source": "assets/images/fruits.png", "frame_width": 28, "frame_height": 28}
    },
    "groups": [
        "background",
        "cuts"
    ],
    "prefabs": {
        "background": {
            "type": "background",
            "position": {"x": 0, "y": 0},
            "properties": {
                "texture": "background_image",
                "group": "background"
            }
        }
    }
}