{
    "assets": {
        "particle_image": {"type": "image", "source": "assets/images/particle.png"},
        "sword_image": {"type": "image", "source": "assets/images/sword.png"},
        "bomb_image": {"type": "image", "source": "assets/images/bomb.png"},
        "background_image": {"type": "image", "source": "assets/images/background.png"},
        "fruits_spritesheet": {"type": "spritesheet", "source": "assets/images/fruits.png", "frame_width": 28, "frame_height": 28}
    },
    "groups": [
        "background",
        "cuts",
        "cuttables",
        "hud"
    ],
    "prefabs": {
        "background": {
            "type": "background",
            "position": {"x": 0, "y": 0},
            "properties": {
                "texture": "background_image",
                "group": "background"
            }
        },
        "score": {
            "type": "score",
            "position": {"x": 0.05, "y": 0.05},
            "properties": {
                "text": "Fruits: ", 
                "style": {
                    "font": "48px Arial", 
                    "fill": "#fff"
                },
                "group": "hud"
            }
        },
        "lives": {
            "type": "lives",
            "position": {"x": 0.85, "y": 0.05},
            "properties": {
                "texture": "sword_image", 
                "group": "hud", 
                "lives": 3, 
                "lives_spacing": 50
            }
        },
        "cuttable": {
            "type": "cuttable",
            "position": {"x": 500, "y": 500},
            "properties": {
                "texture": "bomb_image",
                "group": "cuttables",
                "velocity": {"x": 0, "y": 1000}
            }
        }
    }
}